Keyword,Freq,Keyness,Effect
lmao,3,18.37433937,1
moron,3,18.37433937,1
parka,3,18.37433937,1
sanders,5,30.6277813,1
reddit,3,18.37433937,1
org,4,24.50067188,1
covid,4,24.50067188,1
email,3,18.37433937,1
for,86,503.5746452,0.996580201
to,68,393.6406096,0.995676917
the,64,369.2946355,0.995407344
your,63,363.2135324,0.995334615
bernie,17,96.58490553,0.994240039
you,49,278.3375405,0.994005643
support,43,242.1395015,0.993172077
a,27,151.2557237,0.992752127
of,29,158.2843771,0.989892496
and,27,146.4009674,0.989147855
financial,26,140.4713099,0.988732816
in,19,99.24900132,0.984613683
s,12,62.24689608,0.983765826
meme,5,25.31672467,0.980550566
is,15,76.00737166,0.980550566
minimum,5,25.31672467,0.980550566
this,15,76.00737166,0.980550566
that,14,70.24881791,0.979175786
it,14,70.24881791,0.979175786
me,13,64.51630828,0.977591871
trump,4,19.59236361,0.975747171
not,12,58.81349527,0.975747171
as,12,58.81349527,0.975747171
mittens,4,19.59236361,0.975747171
on,12,58.81349527,0.975747171
my,12,58.81349527,0.975747171
vote,7,33.54082589,0.972330414
wage,7,33.54082589,0.972330414
be,10,47.51615387,0.970967018
with,10,47.51615387,0.970967018
republicans,6,27.94958709,0.967793079
t,6,27.94958709,0.967793079
like,8,36.40951318,0.963840002
increase,5,22.44336468,0.96147577
telling,5,22.44336468,0.96147577
voice,5,22.44336468,0.96147577
cool,5,22.44336468,0.96147577
election,5,22.44336468,0.96147577
help,7,30.95385686,0.958780751
if,7,30.95385686,0.958780751
are,7,30.95385686,0.958780751
campaign,4,17.05393565,0.952075494
people,6,25.5853379,0.952075494
goddamn,4,17.05393565,0.952075494
fuck,4,17.05393565,0.952075494
democrats,4,17.05393565,0.952075494
have,6,25.5853379,0.952075494
wearing,4,17.05393565,0.952075494
read,4,17.05393565,0.952075494
but,6,25.5853379,0.952075494
they,6,25.5853379,0.952075494
why,6,25.5853379,0.952075494
those,6,25.5853379,0.952075494
he,6,25.5853379,0.952075494
think,4,17.05393565,0.952075494
amp,4,17.05393565,0.952075494
we,6,25.5853379,0.952075494
maybe,4,17.05393565,0.952075494
all,5,20.32980872,0.942764889
an,5,20.32980872,0.942764889
what,5,20.32980872,0.942764889
just,5,20.32980872,0.942764889
would,5,20.32980872,0.942764889
there,5,20.32980872,0.942764889
than,5,20.32980872,0.942764889
out,5,20.32980872,0.942764889
good,5,20.32980872,0.942764889
